"Path","Hash"
"C:\Users\RZ\source\repos\PDS-CRM-Application\CRMV9_NEWTHEME\APP_DOCS\README.md","C3CDDFD788D2959F23A13F3448583B5B045FDB2F5492A16AC65B8436802D35A7"
"C:\Users\RZ\source\repos\PDS-CRM-Application\CRMV9_NEWTHEME\APP_DOCS\docs\accessibility-guide.md","7ABBBD7CB51EBDAFB94A02F17DE1145B288736B340CCAA0FFFF6DCBF75705FCD"
"C:\Users\RZ\source\repos\PDS-CRM-Application\CRMV9_NEWTHEME\APP_DOCS\docs\API_SWITCHING_GUIDE.md","C8F62096EBD237ACDA43C4601CEEBC8C8D4456704029286E6A2E6609B3D3CAE6"
"C:\Users\RZ\source\repos\PDS-CRM-Application\CRMV9_NEWTHEME\APP_DOCS\docs\ARCHITECTURE_DIAGRAM.md","511A47BDEBB22387F2FC56F5DEB812527F68B375569F54970998A6264919A6A4"
"C:\Users\RZ\source\repos\PDS-CRM-Application\CRMV9_NEWTHEME\APP_DOCS\docs\DEVELOPER_CHECKLIST.md","9EDF000DAF0C02635D1D929672231CA01FC4CA3DC73EFDA9B91A59109BC752C5"
"C:\Users\RZ\source\repos\PDS-CRM-Application\CRMV9_NEWTHEME\APP_DOCS\docs\DEVELOPMENT_GUIDELINES.md","C569110E8FA9988B0E96246B641E019BDC8A7549CC851A593809CC767C698969"
"C:\Users\RZ\source\repos\PDS-CRM-Application\CRMV9_NEWTHEME\APP_DOCS\docs\IMPLEMENTATION_SUMMARY.md","23E90EAA9EC3077716ED8CD52BB4D16DA47A240B585E5BF367B779BA97A94DF3"
"C:\Users\RZ\source\repos\PDS-CRM-Application\CRMV9_NEWTHEME\APP_DOCS\docs\MONDAY_DESIGN_SYSTEM.md","009B099C797D9AA391B37E89A1940DFA0CD439C95D8354D81A33E98038151C6C"
"C:\Users\RZ\source\repos\PDS-CRM-Application\CRMV9_NEWTHEME\APP_DOCS\docs\QUICK_REFERENCE.md","B9723D1F870E6F1A05A757D6CE01EC780231FFFF76EE7686E7ACFBD8C578AA17"
"C:\Users\RZ\source\repos\PDS-CRM-Application\CRMV9_NEWTHEME\APP_DOCS\docs\README.md","D36D44203FCCD4F78808F4D1918211B776E13559B1D2AB640FED8E5FB056B344"
"C:\Users\RZ\source\repos\PDS-CRM-Application\CRMV9_NEWTHEME\APP_DOCS\docs\UI_DESIGN_SYSTEM.md","B34837C60FE9DE0682ABC93410D1BC76C14CBA70D98238323B63943E089E6749"
"C:\Users\RZ\source\repos\PDS-CRM-Application\CRMV9_NEWTHEME\APP_DOCS\docs\UI_IMPLEMENTATION_SUMMARY.md","6D960D90D896AC53A8BAE975B76FB85FDDEBDEC520ACDA38001EF6FABA9753DE"
"C:\Users\RZ\source\repos\PDS-CRM-Application\CRMV9_NEWTHEME\APP_DOCS\docs\UI_MIGRATION_PROGRESS.md","7D51C88D1B02F671DB0E03A9A2422739D700C46DF267EE624AA1147139A0E8F3"
"C:\Users\RZ\source\repos\PDS-CRM-Application\CRMV9_NEWTHEME\APP_DOCS\docs\UI_QUICK_REFERENCE.md","C94E7A7EA3BD38DC7800544A5FDC392B71C74C5DBA93A5E26010990FA09C4677"
"C:\Users\RZ\source\repos\PDS-CRM-Application\CRMV9_NEWTHEME\APP_DOCS\docs\UI_QUICK_START.md","B6FF2F22D8C7E61AB82BAA1B1C3069B4D0A40902D36FBDEBDCFABDB39F328B40"
"C:\Users\RZ\source\repos\PDS-CRM-Application\CRMV9_NEWTHEME\APP_DOCS\docs\UNICODE_ESCAPE_PREVENTION.md","45EC8A7B03B3D8976CF4BDE09D7A9C582CD399C1F1827E2A4E4B9E2757573B8C"
"C:\Users\RZ\source\repos\PDS-CRM-Application\CRMV9_NEWTHEME\APP_DOCS\docs\api\BACKEND_API_SPECIFICATION.md","369B85D7B87C55888CC887B4E539B1EE72D72D3AFA51A0DAFCA1F2730181082F"
"C:\Users\RZ\source\repos\PDS-CRM-Application\CRMV9_NEWTHEME\APP_DOCS\docs\api\README.md","CF97E5EAF6A449CD97A3AB2763D0ECD27BCF42509503F963EF1A6603971B06C8"
"C:\Users\RZ\source\repos\PDS-CRM-Application\CRMV9_NEWTHEME\APP_DOCS\docs\api\SERVICE_INTEGRATION_GUIDE.md","CF216E308ED4A2FFC9D7FB996F5394040CE46386BD31BC9BF42F3948B4A1C73B"
"C:\Users\RZ\source\repos\PDS-CRM-Application\CRMV9_NEWTHEME\APP_DOCS\docs\architecture\AUTHENTICATION.md","39D145D11B7B2F5D5C3384DD872A91401F732BC67B4016AA399B8DCF80EC26A0"
"C:\Users\RZ\source\repos\PDS-CRM-Application\CRMV9_NEWTHEME\APP_DOCS\docs\architecture\RBAC_AND_PERMISSIONS.md","9EE5DD5A9DC371B2D99730E3DC451A260495D770EF47BC34F40E8B7E2765CD40"
"C:\Users\RZ\source\repos\PDS-CRM-Application\CRMV9_NEWTHEME\APP_DOCS\docs\architecture\REACT_QUERY.md","2735A999E10A709C80566E6BB2816345A324936717B573486F06A7B5B6F41D88"
"C:\Users\RZ\source\repos\PDS-CRM-Application\CRMV9_NEWTHEME\APP_DOCS\docs\architecture\README.md","22862D367F3C44C531E6C1E3D44082A083304C19AEDA54D097A5854743D5C082"
"C:\Users\RZ\source\repos\PDS-CRM-Application\CRMV9_NEWTHEME\APP_DOCS\docs\architecture\SERVICE_FACTORY.md","01203F4D4F1DD45EC2B14806433703F76651EDD64721CE76B239FAA944B882FB"
"C:\Users\RZ\source\repos\PDS-CRM-Application\CRMV9_NEWTHEME\APP_DOCS\docs\architecture\SESSION_MANAGEMENT.md","97834C792B4F53A81DDD9221369F18FABC6474313014C4F28C9EF5A3B2AFDB03"
"C:\Users\RZ\source\repos\PDS-CRM-Application\CRMV9_NEWTHEME\APP_DOCS\docs\architecture\STATE_MANAGEMENT.md","782CE7C6368209247AF506109C49031C57A71670BCEF958657BA2CC994A7FA37"
"C:\Users\RZ\source\repos\PDS-CRM-Application\CRMV9_NEWTHEME\APP_DOCS\docs\setup\local-setup.md","D0AF87B6FC39C446AA8DBB59ABC74EC2CC961046AB9EA9DD7EB7E9B4A87515F3"
"C:\Users\RZ\source\repos\PDS-CRM-Application\CRMV9_NEWTHEME\APP_DOCS\docs\setup\push-setup.md","7E4AD79FC9FCF9480E46D8E575D58BE8D89AE91590F2E50FB92B4C3E0C28B750"
"C:\Users\RZ\source\repos\PDS-CRM-Application\CRMV9_NEWTHEME\APP_DOCS\docs\setup\whatsapp-setup.md","B7B1AABE542CA900053A2262123DABFB0B0D3409A5EF2779A992BF933CFADEE4"
"C:\Users\RZ\source\repos\PDS-CRM-Application\CRMV9_NEWTHEME\APP_DOCS\docs\troubleshooting\README.md","6D2DB535E2ACAE97D8ECF9DDEA06784BDEAC877D87587DFDD0403A1E4976B048"
"C:\Users\RZ\source\repos\PDS-CRM-Application\CRMV9_NEWTHEME\APP_DOCS\docs\user-guide\README.md","A8184027265693D1EA4807969EE977A2DB0392E8B8DCF807BC26DB522217BF15"
"C:\Users\RZ\source\repos\PDS-CRM-Application\CRMV9_NEWTHEME\APP_DOCS\DOCUMENTATION\CONSOLIDATION_EXECUTIVE_SUMMARY.md","30DC363C0B1C8641E9635B65A8FBBDD2A26D8C9B3D49D96D3C11E0FC6C159D5B"
"C:\Users\RZ\source\repos\PDS-CRM-Application\CRMV9_NEWTHEME\APP_DOCS\DOCUMENTATION\CONSOLIDATION_MAP.md","1B05739A7105BC5FB310DA4061F2979452E8E989D8CDC1F49DE6035359B988B6"
"C:\Users\RZ\source\repos\PDS-CRM-Application\CRMV9_NEWTHEME\APP_DOCS\DOCUMENTATION\CONSOLIDATION_STATUS_DASHBOARD.md","172362564F7FC0A44FB9F24B2FD1C4C6ACBC698E734B3C2DDED65A8479686BB5"
"C:\Users\RZ\source\repos\PDS-CRM-Application\CRMV9_NEWTHEME\APP_DOCS\DOCUMENTATION\DOCUMENTATION_CONSOLIDATION_COMPLETE.md","DB29F3A5180A7378324E67F5CB096526BB0E9183FCEF3753BBA465B2F5A8F6BE"
"C:\Users\RZ\source\repos\PDS-CRM-Application\CRMV9_NEWTHEME\APP_DOCS\DOCUMENTATION\INDEX.md","6118D5B2F75B1BF18730657E45AD673A2124EA0FD702C2EBCEDBF7989E2A8EDE"
"C:\Users\RZ\source\repos\PDS-CRM-Application\CRMV9_NEWTHEME\APP_DOCS\DOCUMENTATION\PHASE_2_CONSOLIDATION_COMPLETE.md","652C87ECA31FF662F309EC53B402B4B39F529ABCB04A7E192EDBFF6F730E5357"
"C:\Users\RZ\source\repos\PDS-CRM-Application\CRMV9_NEWTHEME\APP_DOCS\DOCUMENTATION\PHASE_2_DUPLICATE_ANALYSIS.md","DC1CEF320B9AE5339B2309FBDE73907CB31B89BC889E79BDBFEDBEE95D979C5D"
"C:\Users\RZ\source\repos\PDS-CRM-Application\CRMV9_NEWTHEME\APP_DOCS\DOCUMENTATION\PHASE_3_COMPREHENSIVE_ANALYSIS.md","739C9F644033889B8A68B7224EF60DE9C3AFB971449A447E0BBFB6B983569CF4"
"C:\Users\RZ\source\repos\PDS-CRM-Application\CRMV9_NEWTHEME\APP_DOCS\DOCUMENTATION\README.md","EEAC1D2653C2954FE829A6D8A83713671C19056A21CA6983E74347C986B01115"
"C:\Users\RZ\source\repos\PDS-CRM-Application\CRMV9_NEWTHEME\APP_DOCS\DOCUMENTATION\00_START_HERE\DOCUMENTATION_NAVIGATION.md","6A944B7D5D7ADD5E99CE71E0986BD9C46D2B1DE2874A76C7DB4E7FF4FCF25FE2"
"C:\Users\RZ\source\repos\PDS-CRM-Application\CRMV9_NEWTHEME\APP_DOCS\DOCUMENTATION\00_START_HERE\README.md","70973BA526928DA6433932C26732A96EA36F6BCA80D1487807C33BE0FAB50DC2"
"C:\Users\RZ\source\repos\PDS-CRM-Application\CRMV9_NEWTHEME\APP_DOCS\DOCUMENTATION\01_ARCHITECTURE_DESIGN\ARCHITECTURE_VISUAL_GUIDE.md","6AF131B4DEBD1DB1C18E3D0EEEA25F87592230A73A9164313B041CF24C768280"
"C:\Users\RZ\source\repos\PDS-CRM-Application\CRMV9_NEWTHEME\APP_DOCS\DOCUMENTATION\01_ARCHITECTURE_DESIGN\DATA_MODEL_ANALYSIS.md","6F6C39D87617164D5EF11C09146937643A2D905F80D566C035F9CB47A16B8135"
"C:\Users\RZ\source\repos\PDS-CRM-Application\CRMV9_NEWTHEME\APP_DOCS\DOCUMENTATION\01_ARCHITECTURE_DESIGN\MODULAR_ARCHITECTURE_MIGRATION_GUIDE.md","4D851D0580B13FF3E6C1739FA5577D4E283ECF350EEAC3197B6D97B60FDE3D6E"
"C:\Users\RZ\source\repos\PDS-CRM-Application\CRMV9_NEWTHEME\APP_DOCS\DOCUMENTATION\01_ARCHITECTURE_DESIGN\MODULE_SERVICES_ARCHITECTURE_ALIGNMENT.md","E0F82D9281DAECA2C292525DB0740DF8B109553FFC506BD8CD349106DC326B2E"
"C:\Users\RZ\source\repos\PDS-CRM-Application\CRMV9_NEWTHEME\APP_DOCS\DOCUMENTATION\01_ARCHITECTURE_DESIGN\MULTI_BACKEND_INTEGRATION_GUIDE.md","EE0B505293D85687695BF1AE786408C28A6440F5109F4769D59D044E2C6F7343"
"C:\Users\RZ\source\repos\PDS-CRM-Application\CRMV9_NEWTHEME\APP_DOCS\DOCUMENTATION\02_GETTING_STARTED\DEVELOPER_QUICK_START.md","8FD1027D8B249D04F5BA0F40A7D798829DE109BAA8B06931BC8792533EAF8304"
"C:\Users\RZ\source\repos\PDS-CRM-Application\CRMV9_NEWTHEME\APP_DOCS\DOCUMENTATION\03_PHASES\Phase_2\PHASE_2_COMPLETE_SUMMARY.md","703DDC503B6CFF53D62A7BDA61E29DA272FAAF5248081B3E20931872AA2A5FD1"
"C:\Users\RZ\source\repos\PDS-CRM-Application\CRMV9_NEWTHEME\APP_DOCS\DOCUMENTATION\03_PHASES\Phase_2\PHASE_2_DATABASE_SCHEMA.md","6AC0EBF409ECCA81521C7932A36B28E6B1982EB549914EF8B2E927BE7E605D4F"
"C:\Users\RZ\source\repos\PDS-CRM-Application\CRMV9_NEWTHEME\APP_DOCS\DOCUMENTATION\03_PHASES\Phase_2\PHASE_2_IMPLEMENTATION_COMPLETE.md","E1F9C316908A2F932FB7998942A33FE2039348E9F16FD895524A4CD05F942CB5"
"C:\Users\RZ\source\repos\PDS-CRM-Application\CRMV9_NEWTHEME\APP_DOCS\DOCUMENTATION\03_PHASES\Phase_2\PHASE_2_INTEGRATION_COMPLETE.md","2169CB9D6D7C1A96910FF1A19C8B844C31D429A11C4D714305502007465581DB"
"C:\Users\RZ\source\repos\PDS-CRM-Application\CRMV9_NEWTHEME\APP_DOCS\DOCUMENTATION\03_PHASES\Phase_2\PHASE_2_PROGRESS.md","54F5555BF35E532E38BBA56E5CC6E1EAEC50C8C4888A58DA9EB400071FFAB55C"
"C:\Users\RZ\source\repos\PDS-CRM-Application\CRMV9_NEWTHEME\APP_DOCS\DOCUMENTATION\03_PHASES\Phase_2\PHASE_2_QUICK_REFERENCE.md","6DE270EE45F053B0E70E88DCC0C9C78CD5D8B4E610C943C69C0549FC9FC3D09D"
"C:\Users\RZ\source\repos\PDS-CRM-Application\CRMV9_NEWTHEME\APP_DOCS\DOCUMENTATION\03_PHASES\Phase_2\PHASE_2_SETUP_GUIDE.md","7EDC15431FAC1384E82CAA855986C80DA1039AD7EB7DA51814DF2ECCAD6119B6"
"C:\Users\RZ\source\repos\PDS-CRM-Application\CRMV9_NEWTHEME\APP_DOCS\DOCUMENTATION\03_PHASES\Phase_3\PHASE_3_COMPLETION_SUMMARY.md","44640945C593DCB4C7E46284A3C5A58B8D221D0866DFBA94DC9BFB4335C93BEE"
"C:\Users\RZ\source\repos\PDS-CRM-Application\CRMV9_NEWTHEME\APP_DOCS\DOCUMENTATION\03_PHASES\Phase_3\PHASE_3_COMPREHENSIVE_AUDIT.md","2E32E108A5E4B31E9634063EF218992878268A4C817D004E4DD18749CA3DA5FE"
"C:\Users\RZ\source\repos\PDS-CRM-Application\CRMV9_NEWTHEME\APP_DOCS\DOCUMENTATION\03_PHASES\Phase_3\PHASE_3_IMPLEMENTATION_SUMMARY.md","170C0B1548D7D3911BD8B4E947DABFDB7884D5663471694BE0424EDCAFCE846E"
"C:\Users\RZ\source\repos\PDS-CRM-Application\CRMV9_NEWTHEME\APP_DOCS\DOCUMENTATION\03_PHASES\Phase_3\PHASE_3_PROGRESS.md","7E4AB36C1A121AD22EF3B91F3390943C801D7F5EFA149CE9643113ACA80E4CC4"
"C:\Users\RZ\source\repos\PDS-CRM-Application\CRMV9_NEWTHEME\APP_DOCS\DOCUMENTATION\03_PHASES\Phase_3\PHASE_3_QUICK_REFERENCE.md","EEEC2F586B35B27C299FB0134DCC0C6383681A8C9CA63DA52D26901524F02C96"
"C:\Users\RZ\source\repos\PDS-CRM-Application\CRMV9_NEWTHEME\APP_DOCS\DOCUMENTATION\03_PHASES\Phase_3\PHASE_3_QUICK_TEST_GUIDE.md","EE870536CA8FC7FC74175A266AEC5F4340B5DA4406D266C200AE435A99FD5447"
"C:\Users\RZ\source\repos\PDS-CRM-Application\CRMV9_NEWTHEME\APP_DOCS\DOCUMENTATION\03_PHASES\Phase_3\PHASE_3_SERVICE_CONTRACT_MANAGEMENT.md","B2744459621E5FC36734C3533F304FC92D31D3CFFF540DD69EB17307D4F2AA8C"
"C:\Users\RZ\source\repos\PDS-CRM-Application\CRMV9_NEWTHEME\APP_DOCS\DOCUMENTATION\03_PHASES\Phase_3\PHASE_3_SERVICE_IMPLEMENTATION_COMPLETE.md","07D4957B1EF7101584D82EE71D3BB6A41468030B42A32BDB1C45FC302ADF82BE"
"C:\Users\RZ\source\repos\PDS-CRM-Application\CRMV9_NEWTHEME\APP_DOCS\DOCUMENTATION\03_PHASES\Phase_3\PHASE_3_SPRINT_1_COMPLETE.md","624E7DF4ECC554BD3FADED1C1DFAC483187C31365C7BAD289C6E2A3EA7FF93BF"
"C:\Users\RZ\source\repos\PDS-CRM-Application\CRMV9_NEWTHEME\APP_DOCS\DOCUMENTATION\03_PHASES\Phase_3\PHASE_3_SPRINT_2_COMPLETE.md","3DE8579024A8739FB41C6D628C0B9710CC12EB52CBEBC4C297348F061EEEE64B"
"C:\Users\RZ\source\repos\PDS-CRM-Application\CRMV9_NEWTHEME\APP_DOCS\DOCUMENTATION\03_PHASES\Phase_3\PHASE_3_SPRINT_3_COMPLETE.md","B72824A860563D44D2B72CC54CE29A46C998B0F1B534A6CB936FACF7D72D691D"
"C:\Users\RZ\source\repos\PDS-CRM-Application\CRMV9_NEWTHEME\APP_DOCS\DOCUMENTATION\03_PHASES\Phase_3\PHASE_3_STATUS_CHECKLIST.md","252BCA16FD3BB6B04C2A4ABC44210636C87A2C12223FE88201BE53D81BAD38C0"
"C:\Users\RZ\source\repos\PDS-CRM-Application\CRMV9_NEWTHEME\APP_DOCS\DOCUMENTATION\03_PHASES\Phase_4\PHASE_4_IMPLEMENTATION_CHECKLIST.md","68AF3A2D3EAF90AD3AF8CB765AFD27B0185D4B2EE0945E1F250FE7A444B497D6"
"C:\Users\RZ\source\repos\PDS-CRM-Application\CRMV9_NEWTHEME\APP_DOCS\DOCUMENTATION\03_PHASES\Phase_4\PHASE_4_QUICK_START.md","03B8690C3223340E9D56E9E157D548399551506D2BAC49B7055CBEEA08E513A7"
"C:\Users\RZ\source\repos\PDS-CRM-Application\CRMV9_NEWTHEME\APP_DOCS\DOCUMENTATION\03_PHASES\Phase_4\PHASE_4_SERVICE_ROUTER_INTEGRATION.md","1C267894B7B922DB6CE5BCEEEE33B567228448FD95DF419C8D36E72501F1297D"
"C:\Users\RZ\source\repos\PDS-CRM-Application\CRMV9_NEWTHEME\APP_DOCS\DOCUMENTATION\03_PHASES\Phase_4\PHASE_4_STAGE_1_COMPLETE.md","6E016DA7C3210E278F3E82B35D7627BC2269904D6BEFF55ADFB563D9499C930B"
"C:\Users\RZ\source\repos\PDS-CRM-Application\CRMV9_NEWTHEME\APP_DOCS\DOCUMENTATION\03_PHASES\Phase_4\PHASE_4_STAGE_1_SUMMARY.md","2FF4702BBED48F77A6E7C61E2B4C337618815818670666000636A57039715B08"
"C:\Users\RZ\source\repos\PDS-CRM-Application\CRMV9_NEWTHEME\APP_DOCS\DOCUMENTATION\03_PHASES\Phase_4\PHASE_4_STAGE_2_COMPLETE.md","6045C46A332A3F985E6E807F892B2265340AFF8EEDF224C8F103BF4223E425D4"
"C:\Users\RZ\source\repos\PDS-CRM-Application\CRMV9_NEWTHEME\APP_DOCS\DOCUMENTATION\03_PHASES\Phase_4\PHASE_4_STAGE_2_QUICK_REFERENCE.md","BC551DE666C624A57955010DB6BD338D22C3C851FAE0DA350F00593053D4270E"
"C:\Users\RZ\source\repos\PDS-CRM-Application\CRMV9_NEWTHEME\APP_DOCS\DOCUMENTATION\03_PHASES\Phase_4\PHASE_4_SUPABASE_INTEGRATION_PLAN.md","AE36D6199039DCED3C3D3828ECD1C36FDF8E75215508FD0390026E703669145B"
"C:\Users\RZ\source\repos\PDS-CRM-Application\CRMV9_NEWTHEME\APP_DOCS\DOCUMENTATION\03_PHASES\Phase_5\PHASE_5_ESLINT_FIX_PLAN.md","96DA7A0F1443C6E3A7162CCA0E9E2A505B5FDB8B754A7D7B70F35C072810C74D"
"C:\Users\RZ\source\repos\PDS-CRM-Application\CRMV9_NEWTHEME\APP_DOCS\DOCUMENTATION\04_IMPLEMENTATION_GUIDES\Features\CONTRACT_FORMS_ENHANCEMENT_SUMMARY.md","AE4F41454574212DE9BAABDCB44E6B7A27E480392FDE57631A1B6BE32E12B447"
"C:\Users\RZ\source\repos\PDS-CRM-Application\CRMV9_NEWTHEME\APP_DOCS\DOCUMENTATION\04_IMPLEMENTATION_GUIDES\Features\CONTRACT_MANAGEMENT_COMPLETE_IMPLEMENTATION_SUMMARY.md","72373EBC1CBB1A963EE02B91086E0F417512D996109E82F71657270313BB6330"
"C:\Users\RZ\source\repos\PDS-CRM-Application\CRMV9_NEWTHEME\APP_DOCS\DOCUMENTATION\04_IMPLEMENTATION_GUIDES\Features\CONTRACTS_CONSOLIDATION_SUMMARY.md","743A468F5ACA3AB4DA20390C1A83696EA806B8CEA85D3B804724166825478CF9"
"C:\Users\RZ\source\repos\PDS-CRM-Application\CRMV9_NEWTHEME\APP_DOCS\DOCUMENTATION\04_IMPLEMENTATION_GUIDES\Features\CONTRACTS_UNIFICATION_FINAL_SUMMARY.md","D0FBA504C87EBF39ACD4BFD96143B9E58AF7E73FCA293187450505081A38112F"
"C:\Users\RZ\source\repos\PDS-CRM-Application\CRMV9_NEWTHEME\APP_DOCS\DOCUMENTATION\04_IMPLEMENTATION_GUIDES\Features\CUSTOMER_FORM_ENHANCEMENT_SUMMARY.md","496DFDCB57C8037F07ED1521975F7F5640E977C761E4784272953A02A59A0580"
"C:\Users\RZ\source\repos\PDS-CRM-Application\CRMV9_NEWTHEME\APP_DOCS\DOCUMENTATION\04_IMPLEMENTATION_GUIDES\Features\DASHBOARD_ARCHITECTURE.md","D3FCE4CD3DD2D930DCADC9B090F0BF090534E4838884594DC7420BA01669B324"
"C:\Users\RZ\source\repos\PDS-CRM-Application\CRMV9_NEWTHEME\APP_DOCS\DOCUMENTATION\04_IMPLEMENTATION_GUIDES\Features\DASHBOARD_CHANGES_SUMMARY.md","13C2721DF683829FE32D24501F57110F5046129F0EF7AA63C731A6AA1BA58614"
"C:\Users\RZ\source\repos\PDS-CRM-Application\CRMV9_NEWTHEME\APP_DOCS\DOCUMENTATION\04_IMPLEMENTATION_GUIDES\Features\DASHBOARD_IMPLEMENTATION_COMPLETE.md","92E10DB389131DEAF624F50FB3BE752FC727C6BC0C7E86E35DC040D5CDDE89EF"
"C:\Users\RZ\source\repos\PDS-CRM-Application\CRMV9_NEWTHEME\APP_DOCS\DOCUMENTATION\04_IMPLEMENTATION_GUIDES\Features\DASHBOARD_IMPLEMENTATION_GUIDE.md","E5670BBC8CF4CAE912A109B1692383EA4E3094A25BF6A162A267DDE626C89013"
"C:\Users\RZ\source\repos\PDS-CRM-Application\CRMV9_NEWTHEME\APP_DOCS\DOCUMENTATION\04_IMPLEMENTATION_GUIDES\Features\DASHBOARD_QUICK_START.md","079C798013BF061520640DFA90CFEC590BA12F433E0A41485261D0A76BA5A8F1"
"C:\Users\RZ\source\repos\PDS-CRM-Application\CRMV9_NEWTHEME\APP_DOCS\DOCUMENTATION\04_IMPLEMENTATION_GUIDES\Services\API_AUDIT_REPORT.md","0E7626EE6BDEB689E9ECDA224794463741D023524DA3A07B2B6D26C162BC9A1E"
"C:\Users\RZ\source\repos\PDS-CRM-Application\CRMV9_NEWTHEME\APP_DOCS\DOCUMENTATION\04_IMPLEMENTATION_GUIDES\Services\AUTH_SEEDING_DEPLOYMENT_CHECKLIST.md","F2D725E7C8A744DD20CA5996C90CE0512B20ED31A153E95B131552CA36A24E94"
"C:\Users\RZ\source\repos\PDS-CRM-Application\CRMV9_NEWTHEME\APP_DOCS\DOCUMENTATION\04_IMPLEMENTATION_GUIDES\Services\AUTH_SEEDING_IMPLEMENTATION_SUMMARY.md","76F9247C066BED84F36C9F3621A62578519B6EA2E0E0E71519A92262C126C9B6"
"C:\Users\RZ\source\repos\PDS-CRM-Application\CRMV9_NEWTHEME\APP_DOCS\DOCUMENTATION\04_IMPLEMENTATION_GUIDES\Services\AUTH_SEEDING_MASTER_GUIDE.md","F82C7DA794EA4EA1DD27AB214393E35E660321D35C519E75597E14D77D889191"
"C:\Users\RZ\source\repos\PDS-CRM-Application\CRMV9_NEWTHEME\APP_DOCS\DOCUMENTATION\04_IMPLEMENTATION_GUIDES\Services\AUTH_SEEDING_QUICK_REFERENCE.md","AE12D67CF6287A44AED86E38D92EEF517DA67BC238E3A9EE90A20799EAE2423B"
"C:\Users\RZ\source\repos\PDS-CRM-Application\CRMV9_NEWTHEME\APP_DOCS\DOCUMENTATION\04_IMPLEMENTATION_GUIDES\Services\AUTH_SEEDING_README.md","3B9057CDB6645C619B01C276A83B5A30B376D58A8792F47BA448926BD7BB1189"
"C:\Users\RZ\source\repos\PDS-CRM-Application\CRMV9_NEWTHEME\APP_DOCS\DOCUMENTATION\04_IMPLEMENTATION_GUIDES\Services\AUTH_SEEDING_SETUP_GUIDE.md","1C2480DEC94495DFE74F31CE66890EBD4C3C3177E47B7C4A8E297666CEC579AB"
"C:\Users\RZ\source\repos\PDS-CRM-Application\CRMV9_NEWTHEME\APP_DOCS\DOCUMENTATION\04_IMPLEMENTATION_GUIDES\Services\AUTH_SEEDING_START_HERE.md","AD273DC4972666A30FA67C08751DE10980C7B088EF7222AF214323E6FAAB443E"
"C:\Users\RZ\source\repos\PDS-CRM-Application\CRMV9_NEWTHEME\APP_DOCS\DOCUMENTATION\04_IMPLEMENTATION_GUIDES\Services\PRODUCT_SALES_CHANGES_DETAILED.md","9CCB6E08BB8A9450AF01E019E24F7FA934C1B896D1413BEE95FE4EEF89538201"
"C:\Users\RZ\source\repos\PDS-CRM-Application\CRMV9_NEWTHEME\APP_DOCS\DOCUMENTATION\04_IMPLEMENTATION_GUIDES\Services\PRODUCT_SALES_DATA_SOURCE_VERIFICATION.md","E9828EE51F3A039767C57D236BC160267864123E6E22F0CD0931338A7CE23DD8"
"C:\Users\RZ\source\repos\PDS-CRM-Application\CRMV9_NEWTHEME\APP_DOCS\DOCUMENTATION\04_IMPLEMENTATION_GUIDES\Services\PRODUCT_SALES_FIX_SUMMARY.md","1121FF29E6B8000C9DBF3AA8F27143D98BFACDFC84287681B7573245FB87DF34"
"C:\Users\RZ\source\repos\PDS-CRM-Application\CRMV9_NEWTHEME\APP_DOCS\DOCUMENTATION\04_IMPLEMENTATION_GUIDES\Services\PRODUCT_SALES_MASTER_IMPLEMENTATION.md","01BF0EB86DAAB43EA82657CA46A5F09083B71E4B75D39C4FEBE1408362C4EAE8"
"C:\Users\RZ\source\repos\PDS-CRM-Application\CRMV9_NEWTHEME\APP_DOCS\DOCUMENTATION\04_IMPLEMENTATION_GUIDES\Services\PRODUCT_SALES_SUPABASE_FIX_IMPLEMENTATION.md","135FEA33527EA5B24CCC9311E848B9F8F5C3AAEA89704B9BE2279ACCD1F299F3"
"C:\Users\RZ\source\repos\PDS-CRM-Application\CRMV9_NEWTHEME\APP_DOCS\DOCUMENTATION\04_IMPLEMENTATION_GUIDES\Services\PRODUCT_SALES_SUPABASE_INTEGRATION_AUDIT.md","55B87ED0E0EB4AC6FAB013703B3B5C649C8DB30E5235553673CD7BB482554A49"
"C:\Users\RZ\source\repos\PDS-CRM-Application\CRMV9_NEWTHEME\APP_DOCS\DOCUMENTATION\04_IMPLEMENTATION_GUIDES\Services\PRODUCT_SALES_SUPABASE_INTEGRATION_COMPLETE.md","8842F39781CCCA8923E43FB3234DE66E8231C09F0AAA0EEECC33BCEF56FFAD9D"
"C:\Users\RZ\source\repos\PDS-CRM-Application\CRMV9_NEWTHEME\APP_DOCS\DOCUMENTATION\04_IMPLEMENTATION_GUIDES\Services\PRODUCT_SALES_SUPABASE_QUICK_FIX_REFERENCE.md","14C69CAF0893D55EFDE39DE244C2FA1A39BD2969769C36E21EAB79C93D5A71DC"
"C:\Users\RZ\source\repos\PDS-CRM-Application\CRMV9_NEWTHEME\APP_DOCS\DOCUMENTATION\04_IMPLEMENTATION_GUIDES\Services\PRODUCTS_MAP_ERROR_FIX_SUMMARY.md","38F98E370E62BA9A389AC162D8ED0D64AC8C3226B6AD0EEF1673C55C9C96A764"
"C:\Users\RZ\source\repos\PDS-CRM-Application\CRMV9_NEWTHEME\APP_DOCS\DOCUMENTATION\04_IMPLEMENTATION_GUIDES\Services\PRODUCTSALE_CODE_CHANGES.md","75D25681ADA2C02061BBF03402E388B479D6882724845F2980943C0A87188083"
"C:\Users\RZ\source\repos\PDS-CRM-Application\CRMV9_NEWTHEME\APP_DOCS\DOCUMENTATION\04_IMPLEMENTATION_GUIDES\Services\PRODUCTSALE_DATA_FIX_SUMMARY.md","7C4B34414C68EB28F76546E36EF9D806A3C6CC0FD734830B1F123932CA34C86E"
"C:\Users\RZ\source\repos\PDS-CRM-Application\CRMV9_NEWTHEME\APP_DOCS\DOCUMENTATION\04_IMPLEMENTATION_GUIDES\Services\PRODUCTSALE_FIX_COMPLETE.md","31A5CB5FF01A4B2AA864221232E0AA508C80AB5A0AAD8DAFB62C7541C7F84C17"
"C:\Users\RZ\source\repos\PDS-CRM-Application\CRMV9_NEWTHEME\APP_DOCS\DOCUMENTATION\04_IMPLEMENTATION_GUIDES\Services\PRODUCTSALE_FIX_QUICK_REFERENCE.md","1B5B6AD8B4781FFEB47AEC33C1C20890C766DEA72E1AB0DED1B2378AABDFC0FD"
"C:\Users\RZ\source\repos\PDS-CRM-Application\CRMV9_NEWTHEME\APP_DOCS\DOCUMENTATION\04_IMPLEMENTATION_GUIDES\Services\RBAC_DEPLOYMENT_CHECKLIST.md","F70035FD249F1065867C67DEB7FC306ED6E79D6EB69C8DBB2DADE148D808C6B5"
"C:\Users\RZ\source\repos\PDS-CRM-Application\CRMV9_NEWTHEME\APP_DOCS\DOCUMENTATION\04_IMPLEMENTATION_GUIDES\Services\RBAC_FIX_SUMMARY_SESSION.md","141BD42B0331577D7A21F84C72AB006AC633EE6ACAAF5FBD5C56A89F265D9EB8"
"C:\Users\RZ\source\repos\PDS-CRM-Application\CRMV9_NEWTHEME\APP_DOCS\DOCUMENTATION\04_IMPLEMENTATION_GUIDES\Services\RBAC_IMPLEMENTATION_COMPREHENSIVE.md","3293562711F8E0DC4D91497D557D06FADEDEC5AC06B0C9251F4FD9D6B1FD0115"
"C:\Users\RZ\source\repos\PDS-CRM-Application\CRMV9_NEWTHEME\APP_DOCS\DOCUMENTATION\04_IMPLEMENTATION_GUIDES\Services\RBAC_IMPLEMENTATION_SUMMARY.md","10F58B00D4647ED9A394F9DAB93F7DE37FE5BE77F7D9F7A094F398AF797451E5"
"C:\Users\RZ\source\repos\PDS-CRM-Application\CRMV9_NEWTHEME\APP_DOCS\DOCUMENTATION\04_IMPLEMENTATION_GUIDES\Services\RBAC_MASTER_GUIDE.md","6D21C81ABE840960773C6F5D5F3B6482CEA272A6F39F4B7946BDF6AE11CFAA0C"
"C:\Users\RZ\source\repos\PDS-CRM-Application\CRMV9_NEWTHEME\APP_DOCS\DOCUMENTATION\04_IMPLEMENTATION_GUIDES\Services\RBAC_QUICK_REFERENCE.md","A4194913BE02640697A977F5E9446FC12B03DA24863CC9C538D0420C2C1A1581"
"C:\Users\RZ\source\repos\PDS-CRM-Application\CRMV9_NEWTHEME\APP_DOCS\DOCUMENTATION\04_IMPLEMENTATION_GUIDES\Services\SERVICE_CONTRACT_COMPLETE_IMPLEMENTATION_SUMMARY.md","01ACA0FD77F2A0DEAAC4BA03C71AAAD2346559BDBC0C2FE9CDC931EEA9B66A97"
"C:\Users\RZ\source\repos\PDS-CRM-Application\CRMV9_NEWTHEME\APP_DOCS\DOCUMENTATION\04_IMPLEMENTATION_GUIDES\Services\SERVICE_CONTRACT_VIEW_DETAILS_FIX_SUMMARY.md","84DDD324D32ABFCDF965019378DD0E67BB4954032ABF5F027A2B2EEC20CC92E2"
"C:\Users\RZ\source\repos\PDS-CRM-Application\CRMV9_NEWTHEME\APP_DOCS\DOCUMENTATION\04_IMPLEMENTATION_GUIDES\Services\SERVICE_CONTRACTS_FINAL_VERIFICATION.md","3B431BFDEAC71BAC807C0FC7739BE5BD1FED2CD5BC141E07B2DB7F78C82C70B5"
"C:\Users\RZ\source\repos\PDS-CRM-Application\CRMV9_NEWTHEME\APP_DOCS\DOCUMENTATION\04_IMPLEMENTATION_GUIDES\Services\SERVICE_CONTRACTS_FIX_QUICK_REFERENCE.md","88382FF7F8C62503864AC3BFFDA2FC9A3B768D5CBDE4091106613EFDEFA34BA5"
"C:\Users\RZ\source\repos\PDS-CRM-Application\CRMV9_NEWTHEME\APP_DOCS\DOCUMENTATION\04_IMPLEMENTATION_GUIDES\Services\SERVICE_CONTRACTS_MASTER_GUIDE.md","9D4F39AE96BEAB3C360F8D1F3A5F03645175B88FA5B2ECE7FC63D47E6BF1C99A"
"C:\Users\RZ\source\repos\PDS-CRM-Application\CRMV9_NEWTHEME\APP_DOCS\DOCUMENTATION\04_IMPLEMENTATION_GUIDES\Services\SERVICE_CONTRACTS_SYNC_FIX_COMPLETE.md","EA45E6F50A89A3979581002D70C66E33A6003498D30D6076EBE8501B3523A97C"
"C:\Users\RZ\source\repos\PDS-CRM-Application\CRMV9_NEWTHEME\APP_DOCS\DOCUMENTATION\04_IMPLEMENTATION_GUIDES\Services\SERVICE_IMPLEMENTATION_SUMMARY.md","6DFE2354A779C1D62D22591951CB68D77325DD71637EE46429A8CF4C97131400"
"C:\Users\RZ\source\repos\PDS-CRM-Application\CRMV9_NEWTHEME\APP_DOCS\DOCUMENTATION\05_SETUP_CONFIGURATION\Authentication\TENANT_CONTEXT_FIX_SESSION_2.md","4D6F3B630AA8FE9AF9B0140A3414B377A946204996F67EC2609656CCE8D00265"
"C:\Users\RZ\source\repos\PDS-CRM-Application\CRMV9_NEWTHEME\APP_DOCS\DOCUMENTATION\05_SETUP_CONFIGURATION\Authentication\TENANT_CONTEXT_FIX_SUMMARY.md","47864E879A32C43B9C871CF2006E0750079387BA884F110E1F4508EFFABC7722"
"C:\Users\RZ\source\repos\PDS-CRM-Application\CRMV9_NEWTHEME\APP_DOCS\DOCUMENTATION\05_SETUP_CONFIGURATION\Supabase\GET_STARTED_SUPABASE.md","9912FB4F3A32F624F0BF29C39F56B457FB5FCEFE2928484370A72CFBC596B417"
"C:\Users\RZ\source\repos\PDS-CRM-Application\CRMV9_NEWTHEME\APP_DOCS\DOCUMENTATION\05_SETUP_CONFIGURATION\Supabase\LOCAL_SUPABASE_ARCHITECTURE.md","A816C101BA4D40F1E047D7C7A8DBA774A8EA0AF0B4F425E3A72DE5C33B94953A"
"C:\Users\RZ\source\repos\PDS-CRM-Application\CRMV9_NEWTHEME\APP_DOCS\DOCUMENTATION\05_SETUP_CONFIGURATION\Supabase\LOCAL_SUPABASE_SETUP.md","ED1B671FB998B5E354B50F00AB63D6F4599C32AFA781D6B3EFC9A1BF3A889B5F"
"C:\Users\RZ\source\repos\PDS-CRM-Application\CRMV9_NEWTHEME\APP_DOCS\DOCUMENTATION\05_SETUP_CONFIGURATION\Supabase\SUPABASE_CODE_TEMPLATES.md","6F6772BD83A1596CA254866E40758BB8409AE0DFDF673798DFA540A13011C97F"
"C:\Users\RZ\source\repos\PDS-CRM-Application\CRMV9_NEWTHEME\APP_DOCS\DOCUMENTATION\05_SETUP_CONFIGURATION\Supabase\SUPABASE_ERROR_FIX_SUMMARY.md","DD0486983E0D4D96B0573580666310CE66C048CEEBB8FDF05148EB95DF5E0080"
"C:\Users\RZ\source\repos\PDS-CRM-Application\CRMV9_NEWTHEME\APP_DOCS\DOCUMENTATION\05_SETUP_CONFIGURATION\Supabase\SUPABASE_GET_STARTED.md","FFF0DDE6D5CDB9911519ACD0ECB0793776761CF019237E06727D8C31A0CE4834"
"C:\Users\RZ\source\repos\PDS-CRM-Application\CRMV9_NEWTHEME\APP_DOCS\DOCUMENTATION\05_SETUP_CONFIGURATION\Supabase\SUPABASE_IMPLEMENTATION_COMPLETE.md","17B93C407C43CBCA96C87FE10DD8C82F4D2C22734F98AD4711ED8D9B0664B970"
"C:\Users\RZ\source\repos\PDS-CRM-Application\CRMV9_NEWTHEME\APP_DOCS\DOCUMENTATION\05_SETUP_CONFIGURATION\Supabase\SUPABASE_IMPLEMENTATION_SUMMARY.md","5C9D912F579DA45ED5BFBE55A60FA25B6B3F25881187CA9F59EF3579F45B8F77"
"C:\Users\RZ\source\repos\PDS-CRM-Application\CRMV9_NEWTHEME\APP_DOCS\DOCUMENTATION\05_SETUP_CONFIGURATION\Supabase\SUPABASE_MASTER_GUIDE.md","974888D57C3FA3A329D7CE2F65F94148697D5CAAB3A9C13F8943536CE3B9C99B"
"C:\Users\RZ\source\repos\PDS-CRM-Application\CRMV9_NEWTHEME\APP_DOCS\DOCUMENTATION\05_SETUP_CONFIGURATION\Supabase\SUPABASE_QUICK_REFERENCE.md","F4732B2C92446224A15F98DEDD55C1BF7F8EFCDE33D76FA52F469C93884E7E2C"
"C:\Users\RZ\source\repos\PDS-CRM-Application\CRMV9_NEWTHEME\APP_DOCS\DOCUMENTATION\05_SETUP_CONFIGURATION\Supabase\SUPABASE_SETUP_GUIDE.md","24230233763ED323CFB933BD66503A8FE77A5F6D8AD11AA16816507B4F99E2DD"
"C:\Users\RZ\source\repos\PDS-CRM-Application\CRMV9_NEWTHEME\APP_DOCS\DOCUMENTATION\05_SETUP_CONFIGURATION\Supabase\SUPABASE_SETUP_SUMMARY.md","3648BE09806240504BDF88A243FE499FDD7D861777A67F0B955DC96DE6AC7F23"
"C:\Users\RZ\source\repos\PDS-CRM-Application\CRMV9_NEWTHEME\APP_DOCS\DOCUMENTATION\06_BUG_FIXES_KNOWN_ISSUES\COMPONENT_FIXES\DUPLICATE_CUSTOMER_PAGES_FIX.md","ABC5F5B71F6B880F2A21E3C895079030379A69222E3165036C67ACA49F90D329"
"C:\Users\RZ\source\repos\PDS-CRM-Application\CRMV9_NEWTHEME\APP_DOCS\DOCUMENTATION\06_BUG_FIXES_KNOWN_ISSUES\COMPONENT_FIXES\DUPLICATE_PAGES_RESOLUTION_SUMMARY.md","4C340837CBEB543DD26D39E2CB063559591F085B91AB2D4BBF4F3DC55C1AC905"
"C:\Users\RZ\source\repos\PDS-CRM-Application\CRMV9_NEWTHEME\APP_DOCS\DOCUMENTATION\06_BUG_FIXES_KNOWN_ISSUES\COMPONENT_FIXES\ENHANCED_SCROLL_STATE_MANAGEMENT_SUMMARY.md","20B961111E52B68C3190B1F67FF6331827AE590DEE033D64E3B6FA92EC3C4FDF"
"C:\Users\RZ\source\repos\PDS-CRM-Application\CRMV9_NEWTHEME\APP_DOCS\DOCUMENTATION\06_BUG_FIXES_KNOWN_ISSUES\CRITICAL_FIXES\CRITICAL_FIX_INFINITE_LOOP.md","D5632EB191AFABBFC6A126B7207C491047943D4AB3F468B3EC94BCBADCCBFC0B"
"C:\Users\RZ\source\repos\PDS-CRM-Application\CRMV9_NEWTHEME\APP_DOCS\DOCUMENTATION\06_BUG_FIXES_KNOWN_ISSUES\CRITICAL_FIXES\ERROR_FIX_SUMMARY.md","E8ECC0D473396A0ECCEF1C0486007C9C94F2C9A40272B652B77920F64D0F63E4"
"C:\Users\RZ\source\repos\PDS-CRM-Application\CRMV9_NEWTHEME\APP_DOCS\DOCUMENTATION\06_BUG_FIXES_KNOWN_ISSUES\CRITICAL_FIXES\INFINITE_LOOP_FIX_V2.md","0DE8EC0FE0E4B774C6EF8B3FEA176BF2FC88D3F00B94DA5CB5EB903F5F1DEA3A"
"C:\Users\RZ\source\repos\PDS-CRM-Application\CRMV9_NEWTHEME\APP_DOCS\DOCUMENTATION\06_BUG_FIXES_KNOWN_ISSUES\CRITICAL_FIXES\ROUTER_CONTEXT_ERROR_FIX_SUMMARY.md","F27CAF9F48844E636B2C04E4B39A97C3B39A2398B55AC5D4C2ABE760E8FABC7C"
"C:\Users\RZ\source\repos\PDS-CRM-Application\CRMV9_NEWTHEME\APP_DOCS\DOCUMENTATION\06_BUG_FIXES_KNOWN_ISSUES\INTEGRATION_FIXES\DATA_MODEL_FIXES_SUMMARY.md","D2DDFC4D664B5A52D93A3CC5EAAED774908A3DABD4F70FFC51233FF0402EA588"
"C:\Users\RZ\source\repos\PDS-CRM-Application\CRMV9_NEWTHEME\APP_DOCS\DOCUMENTATION\06_BUG_FIXES_KNOWN_ISSUES\INTEGRATION_FIXES\SALES_DATA_INTEGRITY_FIX_SUMMARY.md","33AFECDF608336FC02ECF7A899EF55100201A3F9495D26B3991214FF19F31DCD"
"C:\Users\RZ\source\repos\PDS-CRM-Application\CRMV9_NEWTHEME\APP_DOCS\DOCUMENTATION\06_BUG_FIXES_KNOWN_ISSUES\INTEGRATION_FIXES\SALES_SERVICE_RELATIONSHIP_FIX.md","8E159B7CA92DB7CA651AFAA0EE2962DB4A68ADD6A384523D218A6A2BBB12C200"
"C:\Users\RZ\source\repos\PDS-CRM-Application\CRMV9_NEWTHEME\APP_DOCS\DOCUMENTATION\07_MODULE_DOCS\ALL_MODULES_FACTORY_ROUTING_STATUS.md","D0C4E15F915F00B8156A0A470BE14E1B9102182441FA3ECBA6E308E558919667"
"C:\Users\RZ\source\repos\PDS-CRM-Application\CRMV9_NEWTHEME\APP_DOCS\DOCUMENTATION\08_REFERENCES_QUICK\00_START_HERE.md","70973BA526928DA6433932C26732A96EA36F6BCA80D1487807C33BE0FAB50DC2"
"C:\Users\RZ\source\repos\PDS-CRM-Application\CRMV9_NEWTHEME\APP_DOCS\DOCUMENTATION\08_REFERENCES_QUICK\ALL_MODULES_FACTORY_ROUTING_STATUS.md","D0C4E15F915F00B8156A0A470BE14E1B9102182441FA3ECBA6E308E558919667"
"C:\Users\RZ\source\repos\PDS-CRM-Application\CRMV9_NEWTHEME\APP_DOCS\DOCUMENTATION\08_REFERENCES_QUICK\API_AUDIT_REPORT.md","0E7626EE6BDEB689E9ECDA224794463741D023524DA3A07B2B6D26C162BC9A1E"
"C:\Users\RZ\source\repos\PDS-CRM-Application\CRMV9_NEWTHEME\APP_DOCS\DOCUMENTATION\08_REFERENCES_QUICK\API_QUICK_REFERENCE.md","2AF9AE282033F385B4C0A88FA19DFC38518EC3A218911BFCB78E4B76EDC11EC9"
"C:\Users\RZ\source\repos\PDS-CRM-Application\CRMV9_NEWTHEME\APP_DOCS\DOCUMENTATION\08_REFERENCES_QUICK\ARCHITECTURE_VISUAL_GUIDE.md","6AF131B4DEBD1DB1C18E3D0EEEA25F87592230A73A9164313B041CF24C768280"
"C:\Users\RZ\source\repos\PDS-CRM-Application\CRMV9_NEWTHEME\APP_DOCS\DOCUMENTATION\08_REFERENCES_QUICK\COMPLETE_IMPLEMENTATION_PLAN.md","D1AAF74A3722AA7CB4BF77553464FFB96C5DD2682945F8DB9875CAE7675A875C"
"C:\Users\RZ\source\repos\PDS-CRM-Application\CRMV9_NEWTHEME\APP_DOCS\DOCUMENTATION\08_REFERENCES_QUICK\COMPREHENSIVE_MODULE_AUDIT_AND_FIXES.md","6247DCBDEC106DCF4F6D2740F191E2E69F8A774929A1440B034CE464A6E136CD"
"C:\Users\RZ\source\repos\PDS-CRM-Application\CRMV9_NEWTHEME\APP_DOCS\DOCUMENTATION\08_REFERENCES_QUICK\COMPREHENSIVE_MODULE_FIXES_SUMMARY.md","BCF5F94F7F73D300E2A9C4CCD1962755EA1393B70B1BE8589DED14C0B72E5863"
"C:\Users\RZ\source\repos\PDS-CRM-Application\CRMV9_NEWTHEME\APP_DOCS\DOCUMENTATION\08_REFERENCES_QUICK\DATA_MODEL_ANALYSIS.md","6F6C39D87617164D5EF11C09146937643A2D905F80D566C035F9CB47A16B8135"
"C:\Users\RZ\source\repos\PDS-CRM-Application\CRMV9_NEWTHEME\APP_DOCS\DOCUMENTATION\08_REFERENCES_QUICK\DEVELOPER_QUICK_START.md","8FD1027D8B249D04F5BA0F40A7D798829DE109BAA8B06931BC8792533EAF8304"
"C:\Users\RZ\source\repos\PDS-CRM-Application\CRMV9_NEWTHEME\APP_DOCS\DOCUMENTATION\08_REFERENCES_QUICK\ESLINT_REFACTORING_SESSION_SUMMARY.md","9B9B7A28B329E74E712084FDA69504631683A17D669852399F04B3E4C5EC2B3F"
"C:\Users\RZ\source\repos\PDS-CRM-Application\CRMV9_NEWTHEME\APP_DOCS\DOCUMENTATION\08_REFERENCES_QUICK\IMPLEMENTATION_COMPLETE_VISUAL_SUMMARY.md","96A24909DAAD03009E3AF1F852FA79524F1998BCF23B43479C80F985C91CECA6"
"C:\Users\RZ\source\repos\PDS-CRM-Application\CRMV9_NEWTHEME\APP_DOCS\DOCUMENTATION\08_REFERENCES_QUICK\IMPLEMENTATION_PROGRESS_SUPABASE.md","84E5590D7FB951419C7669B5DF026DBD2629FC2745FC6F8287C4B2A42E07C5A9"
"C:\Users\RZ\source\repos\PDS-CRM-Application\CRMV9_NEWTHEME\APP_DOCS\DOCUMENTATION\08_REFERENCES_QUICK\IMPLEMENTATION_PROGRESS.md","6E756BF52C4CA990B91652D5BB598FDC7E4E15E150748B90E4E2D579E346CEE9"
"C:\Users\RZ\source\repos\PDS-CRM-Application\CRMV9_NEWTHEME\APP_DOCS\DOCUMENTATION\08_REFERENCES_QUICK\INTEGRATION_AUDIT_REPORT.md","17F10F091D13D5DB76654E2431F035893E9A0FB228BFDEDDE5A284985BA46137"
"C:\Users\RZ\source\repos\PDS-CRM-Application\CRMV9_NEWTHEME\APP_DOCS\DOCUMENTATION\08_REFERENCES_QUICK\INTEGRATION_AUDIT.md","045947A99A9A70112C03848150227D6534A68DAF44ADC9394F784B46A604B37C"
"C:\Users\RZ\source\repos\PDS-CRM-Application\CRMV9_NEWTHEME\APP_DOCS\DOCUMENTATION\08_REFERENCES_QUICK\INTEGRATION_EXECUTIVE_SUMMARY.md","3B211F54EDF2FB4928B072BB6BA77BCE1657E532B95BB07ED8680CB6168BD577"
"C:\Users\RZ\source\repos\PDS-CRM-Application\CRMV9_NEWTHEME\APP_DOCS\DOCUMENTATION\08_REFERENCES_QUICK\INTEGRATION_ISSUES_FIXES.md","58625858B1E49B1C08A34F5D409412997E5DE6CDC646BFE1BC4153C66FB49F18"
"C:\Users\RZ\source\repos\PDS-CRM-Application\CRMV9_NEWTHEME\APP_DOCS\DOCUMENTATION\08_REFERENCES_QUICK\INTEGRATION_SUMMARY.md","C52BAE92C904E979918E856FE72A6009E16995B0A7026EF127547ABA5D5268ED"
"C:\Users\RZ\source\repos\PDS-CRM-Application\CRMV9_NEWTHEME\APP_DOCS\DOCUMENTATION\08_REFERENCES_QUICK\LAYOUT_CONSOLIDATION_SUMMARY.md","505C2194159334F19A1950E04CFDB2981302F50B2EA84B27F39930CC9546EDDB"
"C:\Users\RZ\source\repos\PDS-CRM-Application\CRMV9_NEWTHEME\APP_DOCS\DOCUMENTATION\08_REFERENCES_QUICK\LINTING_FIX_PLAN.md","6B34A815245840D44015F7104F439F85E798E1D48FF72CDD221D3E7EA142540F"
"C:\Users\RZ\source\repos\PDS-CRM-Application\CRMV9_NEWTHEME\APP_DOCS\DOCUMENTATION\08_REFERENCES_QUICK\MIGRATION_COMPLETE_SUMMARY.md","5E57512E4DE88F1004057CAE5C50B5CD6D6CFD09F4C96DD61604DDF6BF051D6D"
"C:\Users\RZ\source\repos\PDS-CRM-Application\CRMV9_NEWTHEME\APP_DOCS\DOCUMENTATION\08_REFERENCES_QUICK\MIGRATION_STATUS_REPORT.md","8FB01C7539B0559098A2734162CA26DF948266EEAD8C830D3EA8BEDA6093C9F5"
"C:\Users\RZ\source\repos\PDS-CRM-Application\CRMV9_NEWTHEME\APP_DOCS\DOCUMENTATION\08_REFERENCES_QUICK\MODULAR_ARCHITECTURE_MIGRATION_GUIDE.md","4D851D0580B13FF3E6C1739FA5577D4E283ECF350EEAC3197B6D97B60FDE3D6E"
"C:\Users\RZ\source\repos\PDS-CRM-Application\CRMV9_NEWTHEME\APP_DOCS\DOCUMENTATION\08_REFERENCES_QUICK\MODULE_SERVICES_ARCHITECTURE_ALIGNMENT.md","E0F82D9281DAECA2C292525DB0740DF8B109553FFC506BD8CD349106DC326B2E"
"C:\Users\RZ\source\repos\PDS-CRM-Application\CRMV9_NEWTHEME\APP_DOCS\DOCUMENTATION\08_REFERENCES_QUICK\MULTI_BACKEND_INTEGRATION_GUIDE.md","EE0B505293D85687695BF1AE786408C28A6440F5109F4769D59D044E2C6F7343"
"C:\Users\RZ\source\repos\PDS-CRM-Application\CRMV9_NEWTHEME\APP_DOCS\DOCUMENTATION\08_REFERENCES_QUICK\NEW_SERVICE_IMPLEMENTATION_CHECKLIST.md","D855BA9BB3752A17825344A00679B264B548D168D6EC30B458DD723EAFA6BE14"
"C:\Users\RZ\source\repos\PDS-CRM-Application\CRMV9_NEWTHEME\APP_DOCS\DOCUMENTATION\08_REFERENCES_QUICK\PDS_CRM_IMPLEMENTATION_PLAN.md","503ADEAF8CE33FAD2DDF70AA672C4F83B541E6699AD60469A514AD4D1F1E7E6B"
"C:\Users\RZ\source\repos\PDS-CRM-Application\CRMV9_NEWTHEME\APP_DOCS\DOCUMENTATION\08_REFERENCES_QUICK\PRODUCTS_MAP_ERROR_FIX_SUMMARY.md","38F98E370E62BA9A389AC162D8ED0D64AC8C3226B6AD0EEF1673C55C9C96A764"
"C:\Users\RZ\source\repos\PDS-CRM-Application\CRMV9_NEWTHEME\APP_DOCS\DOCUMENTATION\08_REFERENCES_QUICK\QUICK_START_MODULE_FIXES.md","558E3F068ACC85BC53A4EE68FA922715254EF0C4459E610D3C773F4902BB76E0"
"C:\Users\RZ\source\repos\PDS-CRM-Application\CRMV9_NEWTHEME\APP_DOCS\DOCUMENTATION\08_REFERENCES_QUICK\README_SUPABASE_LOCAL.md","5ED58440FE3DEB86FEBA68662830EC6B77211982C1D3868107F1F885E53516C4"
"C:\Users\RZ\source\repos\PDS-CRM-Application\CRMV9_NEWTHEME\APP_DOCS\DOCUMENTATION\08_REFERENCES_QUICK\README_SUPABASE_SETUP.md","8A0106ABE44C5C6D6D08CD49C6C8D151EF9A36D848A19A21B04371DD52675D13"
"C:\Users\RZ\source\repos\PDS-CRM-Application\CRMV9_NEWTHEME\APP_DOCS\DOCUMENTATION\08_REFERENCES_QUICK\README.md","F9044F82690AA0B97854B3D807FEC5784B8BF54464B860CAAA640B14444AD83F"
"C:\Users\RZ\source\repos\PDS-CRM-Application\CRMV9_NEWTHEME\APP_DOCS\DOCUMENTATION\08_REFERENCES_QUICK\TESTING_CHECKLIST.md","B71C68AB9022F2EADE7314A01F2306723BF5FBE2DCFB573DEA2DF520E5B39909"
"C:\Users\RZ\source\repos\PDS-CRM-Application\CRMV9_NEWTHEME\APP_DOCS\DOCUMENTATION\08_REFERENCES_QUICK\UI_UX_COMPLETE_SUMMARY.md","F3B8EC640C20567E5511B9480FCECCFD9520D018CD4F0E9D87E0357809CE3CB3"
"C:\Users\RZ\source\repos\PDS-CRM-Application\CRMV9_NEWTHEME\APP_DOCS\DOCUMENTATION\08_REFERENCES_QUICK\UNAUTHORIZED_FIX_SUMMARY.md","80F6E493AB03388019FE2AA9116C5E9FA9BD0D3515C062307EFAD281B7DDC2A7"
"C:\Users\RZ\source\repos\PDS-CRM-Application\CRMV9_NEWTHEME\APP_DOCS\DOCUMENTATION\08_REFERENCES_QUICK\VISUAL_FIX_GUIDE.md","A234720E3F75BAE7481BC25FF62A2F28448D0E14CEDC4D4291337689B4E3FD7B"
"C:\Users\RZ\source\repos\PDS-CRM-Application\CRMV9_NEWTHEME\APP_DOCS\DOCUMENTATION\08_REFERENCES_QUICK\CHECKLISTS\AUTH_SEEDING_DEPLOYMENT_CHECKLIST.md","F2D725E7C8A744DD20CA5996C90CE0512B20ED31A153E95B131552CA36A24E94"
"C:\Users\RZ\source\repos\PDS-CRM-Application\CRMV9_NEWTHEME\APP_DOCS\DOCUMENTATION\08_REFERENCES_QUICK\CHECKLISTS\IMPLEMENTATION_CHECKLIST_SUPABASE.md","A591A101F43A1EAA55F8356AF35022717397A9C263876B46A2B5B404307C71DA"
"C:\Users\RZ\source\repos\PDS-CRM-Application\CRMV9_NEWTHEME\APP_DOCS\DOCUMENTATION\08_REFERENCES_QUICK\CHECKLISTS\NEW_SERVICE_IMPLEMENTATION_CHECKLIST.md","D855BA9BB3752A17825344A00679B264B548D168D6EC30B458DD723EAFA6BE14"
"C:\Users\RZ\source\repos\PDS-CRM-Application\CRMV9_NEWTHEME\APP_DOCS\DOCUMENTATION\08_REFERENCES_QUICK\CHECKLISTS\PHASE_3_STATUS_CHECKLIST.md","252BCA16FD3BB6B04C2A4ABC44210636C87A2C12223FE88201BE53D81BAD38C0"
"C:\Users\RZ\source\repos\PDS-CRM-Application\CRMV9_NEWTHEME\APP_DOCS\DOCUMENTATION\08_REFERENCES_QUICK\CHECKLISTS\PHASE_4_IMPLEMENTATION_CHECKLIST.md","68AF3A2D3EAF90AD3AF8CB765AFD27B0185D4B2EE0945E1F250FE7A444B497D6"
"C:\Users\RZ\source\repos\PDS-CRM-Application\CRMV9_NEWTHEME\APP_DOCS\DOCUMENTATION\08_REFERENCES_QUICK\CHECKLISTS\RBAC_DEPLOYMENT_CHECKLIST.md","F70035FD249F1065867C67DEB7FC306ED6E79D6EB69C8DBB2DADE148D808C6B5"
"C:\Users\RZ\source\repos\PDS-CRM-Application\CRMV9_NEWTHEME\APP_DOCS\DOCUMENTATION\09_ARCHIVED\COMPLETION_SUMMARY.md","75F8A93D18C2FD4DCAABC35775673E956925B8402658A7D640F80B4A652E018B"
"C:\Users\RZ\source\repos\PDS-CRM-Application\CRMV9_NEWTHEME\APP_DOCS\DOCUMENTATION\09_ARCHIVED\DELIVERABLES_SESSION_3.md","DE07BBF9F797AD7A1C570D0ACB01CD5F4580CF1B052CA0E94B0E1E277BD42202"
"C:\Users\RZ\source\repos\PDS-CRM-Application\CRMV9_NEWTHEME\APP_DOCS\DOCUMENTATION\09_ARCHIVED\FIX_SUMMARY_SESSION_3.md","442873C203EAB3050A1E7F4E6312F6C3D54112834B2F8097D9FDEF52CC6E159C"
"C:\Users\RZ\source\repos\PDS-CRM-Application\CRMV9_NEWTHEME\APP_DOCS\DOCUMENTATION\09_ARCHIVED\IMPLEMENTATION_PROGRESS_SUPABASE.md","84E5590D7FB951419C7669B5DF026DBD2629FC2745FC6F8287C4B2A42E07C5A9"
"C:\Users\RZ\source\repos\PDS-CRM-Application\CRMV9_NEWTHEME\APP_DOCS\DOCUMENTATION\09_ARCHIVED\PHASE_2_COMPLETE_SUMMARY.md","703DDC503B6CFF53D62A7BDA61E29DA272FAAF5248081B3E20931872AA2A5FD1"
"C:\Users\RZ\source\repos\PDS-CRM-Application\CRMV9_NEWTHEME\APP_DOCS\DOCUMENTATION\09_ARCHIVED\PHASE_3_COMPLETION_SUMMARY.md","44640945C593DCB4C7E46284A3C5A58B8D221D0866DFBA94DC9BFB4335C93BEE"
"C:\Users\RZ\source\repos\PDS-CRM-Application\CRMV9_NEWTHEME\APP_DOCS\DOCUMENTATION\09_ARCHIVED\PHASE_3_IMPLEMENTATION_SUMMARY.md","170C0B1548D7D3911BD8B4E947DABFDB7884D5663471694BE0424EDCAFCE846E"
"C:\Users\RZ\source\repos\PDS-CRM-Application\CRMV9_NEWTHEME\APP_DOCS\DOCUMENTATION\09_ARCHIVED\PHASE_4_STAGE_1_SUMMARY.md","2FF4702BBED48F77A6E7C61E2B4C337618815818670666000636A57039715B08"
"C:\Users\RZ\source\repos\PDS-CRM-Application\CRMV9_NEWTHEME\APP_DOCS\DOCUMENTATION\09_ARCHIVED\PHASE_4_STAGE_2_QUICK_REFERENCE.md","BC551DE666C624A57955010DB6BD338D22C3C851FAE0DA350F00593053D4270E"
"C:\Users\RZ\source\repos\PDS-CRM-Application\CRMV9_NEWTHEME\APP_DOCS\DOCUMENTATION\09_ARCHIVED\RBAC_FIX_SUMMARY_SESSION.md","141BD42B0331577D7A21F84C72AB006AC633EE6ACAAF5FBD5C56A89F265D9EB8"
"C:\Users\RZ\source\repos\PDS-CRM-Application\CRMV9_NEWTHEME\APP_DOCS\DOCUMENTATION\09_ARCHIVED\SESSION_2_EXECUTIVE_SUMMARY.md","C935E2A112BCF3FB441DC85F3168391F6816D720A128E78D83735E3D4E0EF91F"
"C:\Users\RZ\source\repos\PDS-CRM-Application\CRMV9_NEWTHEME\APP_DOCS\DOCUMENTATION\09_ARCHIVED\SPRINT_3_SUMMARY.md","393284D12DC16DABB246DBD2F1AA47EDFB2C0EBE984132207F8BCC2DE619E869"
"C:\Users\RZ\source\repos\PDS-CRM-Application\CRMV9_NEWTHEME\APP_DOCS\DOCUMENTATION\09_ARCHIVED\SPRINT_4_COMPLETE.md","A3E3554ADDDBCC39AD7482A0DC9B82240FCE91EBD0D7B6E9662F534ABE750240"
"C:\Users\RZ\source\repos\PDS-CRM-Application\CRMV9_NEWTHEME\APP_DOCS\DOCUMENTATION\10_DEPRECATED_FOR_DELETION\.replit","1B0E7DE10A0AC3F0A15FBDDBCA118DB6957D7C78130AC855BD00C1F9620B1E21"
"C:\Users\RZ\source\repos\PDS-CRM-Application\CRMV9_NEWTHEME\APP_DOCS\DOCUMENTATION\10_DEPRECATED_FOR_DELETION\AI_AGENT_IMPLEMENTATION_INSTRUCTIONS.md","C9118DCF46F7C177BA5B92B4FEF588175B6866FE0DAB977AB2070172182DFE2C"
"C:\Users\RZ\source\repos\PDS-CRM-Application\CRMV9_NEWTHEME\APP_DOCS\DOCUMENTATION\10_DEPRECATED_FOR_DELETION\GET_STARTED_SUPABASE.md","9912FB4F3A32F624F0BF29C39F56B457FB5FCEFE2928484370A72CFBC596B417"
"C:\Users\RZ\source\repos\PDS-CRM-Application\CRMV9_NEWTHEME\APP_DOCS\DOCUMENTATION\10_DEPRECATED_FOR_DELETION\PHASE_2_FINAL_SUMMARY.txt","3998FAC3393B18781470FCEE11E830ED4B3543EDD48E5EDDDCB2160BC50B9C23"
"C:\Users\RZ\source\repos\PDS-CRM-Application\CRMV9_NEWTHEME\APP_DOCS\DOCUMENTATION\10_DEPRECATED_FOR_DELETION\PHASE_3_IMPLEMENTATION_SUMMARY.txt","B33D6B361C39D234A2A5D58DDF86443267123D25A70B28C0FD59C2F0D41D1337"
"C:\Users\RZ\source\repos\PDS-CRM-Application\CRMV9_NEWTHEME\APP_DOCS\DOCUMENTATION\10_DEPRECATED_FOR_DELETION\README_MONDAY_THEME.md","042C7F4D660C7257F470B4ABEB94EE24EB51299C7F8C7CD28AAB77F61B0DDDB5"
"C:\Users\RZ\source\repos\PDS-CRM-Application\CRMV9_NEWTHEME\APP_DOCS\DOCUMENTATION\10_DEPRECATED_FOR_DELETION\replit.md","5A1B1B1C01B31E906ECDE85090D1F9E3367B7B8745E48DEE0EC7939071AD077A"
"C:\Users\RZ\source\repos\PDS-CRM-Application\CRMV9_NEWTHEME\APP_DOCS\DOCUMENTATION\10_DEPRECATED_FOR_DELETION\SUPABASE_REFERENCE_CARD.md","223D853DB5CBC47980963ED59A9294F19A1DABF918D6FBD38D28FFA9B3764F66"
"C:\Users\RZ\source\repos\PDS-CRM-Application\CRMV9_NEWTHEME\APP_DOCS\_01_INDEX_NAVIGATION\INDEX.md","5DCB7A2A848F12BABC22401E16CC810E6E9BAF1CDF733EE512B6BD121D7C310F"
"C:\Users\RZ\source\repos\PDS-CRM-Application\CRMV9_NEWTHEME\APP_DOCS\_01_INDEX_NAVIGATION\START_HERE_DOCUMENTATION.md","24FDA08F6244B5EE5063C78565ECF3E6AB1F2A9922AC7F095CA29C34AC5C127D"
"C:\Users\RZ\source\repos\PDS-CRM-Application\CRMV9_NEWTHEME\APP_DOCS\_02_QUICK_REFERENCES\BEFORE_AFTER_COMPARISON.txt","DE50026392C6238EF2B603F6CDD913457D6E09F9CCDD88C72BF1F549C03C0EC3"
"C:\Users\RZ\source\repos\PDS-CRM-Application\CRMV9_NEWTHEME\APP_DOCS\_02_QUICK_REFERENCES\CONSOLIDATION_COMPLETE_CHECKLIST.md","1B06BEA1B6D57AEA8ADD85B8B8771FEF82939E87DC9C04B84049DFD5C3246E75"
"C:\Users\RZ\source\repos\PDS-CRM-Application\CRMV9_NEWTHEME\APP_DOCS\_02_QUICK_REFERENCES\QUICK_ROLES_REFERENCE.txt","489D4B559C239D0B0C25F5C932DB9FBACAE59EFF3E1732B3BBE294F763DA4910"
"C:\Users\RZ\source\repos\PDS-CRM-Application\CRMV9_NEWTHEME\APP_DOCS\_02_QUICK_REFERENCES\ROLES_MATRIX_TABLE.txt","AB14BDED752430E4D206A47A007D8A2CD66A2EBBCA8636B5A707B37769A6D5D1"
"C:\Users\RZ\source\repos\PDS-CRM-Application\CRMV9_NEWTHEME\APP_DOCS\_02_QUICK_REFERENCES\SUPABASE_QUICK_SETUP.txt","85D44C67EA9E00964190814A431DC38B0338BECFA4283D7CD54F648531AE70E7"
"C:\Users\RZ\source\repos\PDS-CRM-Application\CRMV9_NEWTHEME\APP_DOCS\_03_CURRENT_PHASE\PHASE_4_COMPLETION_CHECKLIST.md","246763D41D0A006F1ED78BDC0BDCD3792973ABBB4652ACF1EB292DAEFC769C67"
"C:\Users\RZ\source\repos\PDS-CRM-Application\CRMV9_NEWTHEME\APP_DOCS\_04_ARCHIVED_FOR_DELETION\Module_Fixes\CUSTOMER_DROPDOWN_FIX_SUMMARY.txt","7189BEF35B89A29749D322550B0C774325CA0C6F53D383EFB64415C5711F9984"
"C:\Users\RZ\source\repos\PDS-CRM-Application\CRMV9_NEWTHEME\APP_DOCS\_04_ARCHIVED_FOR_DELETION\Module_Fixes\CUSTOMER_GRID_DIAGNOSIS_AND_SOLUTION.txt","1985C69BD6EAAE8CCAB46FB9BD5E1B13BA7DAEBA4B3C4555C9BA209B31CEFE2B"
"C:\Users\RZ\source\repos\PDS-CRM-Application\CRMV9_NEWTHEME\APP_DOCS\_04_ARCHIVED_FOR_DELETION\Module_Fixes\CUSTOMER_MODULE_PRINTABLE_CHECKLIST.txt","BC6D1BD9ED7ABCA8D680D2336098271815989875A7DE2D7C0236024246824A85"
"C:\Users\RZ\source\repos\PDS-CRM-Application\CRMV9_NEWTHEME\APP_DOCS\_04_ARCHIVED_FOR_DELETION\Module_Fixes\CUSTOMER_STATS_FIX_COMPLETE.txt","24A2E9C183CF16AFA4B951E548C8547763CF385EB03E2DEE7A3BDE4060D06E31"
"C:\Users\RZ\source\repos\PDS-CRM-Application\CRMV9_NEWTHEME\APP_DOCS\_04_ARCHIVED_FOR_DELETION\Module_Fixes\DASHBOARD_COMPLETE_SUMMARY.txt","11760CAF35AA96D468A997335B988A7EFDD0880B79A102CDF84EFF77657875C0"
"C:\Users\RZ\source\repos\PDS-CRM-Application\CRMV9_NEWTHEME\APP_DOCS\_04_ARCHIVED_FOR_DELETION\Module_Fixes\GOTRUECLIENT_FIX_SUMMARY.txt","AFD72DCED73409A669F14C44CF6B1D12D9031B1C1EADDFEBFB5A463A6BEFE0B6"
"C:\Users\RZ\source\repos\PDS-CRM-Application\CRMV9_NEWTHEME\APP_DOCS\_04_ARCHIVED_FOR_DELETION\Module_Fixes\GOTRUECLIENT_SOLUTION_SUMMARY.txt","5C43C4813275EBE7D7E73F0807946D47B606DF8EDEF060AA111121656DA1D9BB"
"C:\Users\RZ\source\repos\PDS-CRM-Application\CRMV9_NEWTHEME\APP_DOCS\_04_ARCHIVED_FOR_DELETION\Module_Fixes\LOGOUT_FIX_SUMMARY.txt","B89A2FA50B38D1F4906FC350FF86CC21F9D12CB7085A69A10D5285628C354FE5"
"C:\Users\RZ\source\repos\PDS-CRM-Application\CRMV9_NEWTHEME\APP_DOCS\_04_ARCHIVED_FOR_DELETION\Module_Fixes\MODAL_REFACTORING_FINAL_SUMMARY.txt","EED80D6FD6F2450E34D5C084270B62BA241417F2B4E0F3F7A56FA22EA65FD36A"
"C:\Users\RZ\source\repos\PDS-CRM-Application\CRMV9_NEWTHEME\APP_DOCS\_04_ARCHIVED_FOR_DELETION\Module_Fixes\NOTIFICATION_FIX_STATUS.txt","2A613C0FA4865F8E441AC653571F87040A3FF5BBD21986BF5B4088356482E4FE"
"C:\Users\RZ\source\repos\PDS-CRM-Application\CRMV9_NEWTHEME\APP_DOCS\_04_ARCHIVED_FOR_DELETION\Module_Fixes\NOTIFICATION_SERVICE_FIX_SUMMARY.txt","35C81737F6A7BC35B7D0D58F868F1658361CE5DED95D89660AF424765EBCD42B"
"C:\Users\RZ\source\repos\PDS-CRM-Application\CRMV9_NEWTHEME\APP_DOCS\_04_ARCHIVED_FOR_DELETION\Module_Fixes\PRODUCTSALE_ISSUES_FIXED.txt","45895D7D64D4F2946E2D33444C86F637D60065C8735330A5B74D582C4DB95116"
"C:\Users\RZ\source\repos\PDS-CRM-Application\CRMV9_NEWTHEME\APP_DOCS\_04_ARCHIVED_FOR_DELETION\Module_Fixes\SALES_DATA_DEPLOYMENT_SUMMARY.txt","7C91D04591F5775D54D698761666C29D0CDC9930D58E8F45A136271474D182A2"
"C:\Users\RZ\source\repos\PDS-CRM-Application\CRMV9_NEWTHEME\APP_DOCS\_04_ARCHIVED_FOR_DELETION\Module_Fixes\SALES_DATA_FIX_VISUAL_SUMMARY.txt","98C0EA02E32F4A8E5319E51990A468A969423574F90450AF754D6D2DD14C63E4"
"C:\Users\RZ\source\repos\PDS-CRM-Application\CRMV9_NEWTHEME\APP_DOCS\_04_ARCHIVED_FOR_DELETION\Module_Fixes\SALES_FIX_SUMMARY.txt","390F652930EF55C2F0A4906764B080718186C198423FBA76824198B4DDF909D8"
"C:\Users\RZ\source\repos\PDS-CRM-Application\CRMV9_NEWTHEME\APP_DOCS\_04_ARCHIVED_FOR_DELETION\Module_Fixes\SALES_GRID_QUICK_FIX_SUMMARY.txt","99D636FADEBE74BE1CC717C799F3148624F5D2F48B27C5669E9A09E0DC1F8830"
"C:\Users\RZ\source\repos\PDS-CRM-Application\CRMV9_NEWTHEME\APP_DOCS\_04_ARCHIVED_FOR_DELETION\Module_Fixes\SALES_NOTES_FIX_SUMMARY.txt","E9B03EB9B3F9FA06D6C4154F4A87787D9E4233E559180814ADC14AF8A9AB8C90"
"C:\Users\RZ\source\repos\PDS-CRM-Application\CRMV9_NEWTHEME\APP_DOCS\_04_ARCHIVED_FOR_DELETION\Module_Fixes\SALES_QUICK_FIX_REFERENCE.txt","020ECB4B4C6206A82802EE43580547679009231022B00F23A356D308C0E93A9F"
"C:\Users\RZ\source\repos\PDS-CRM-Application\CRMV9_NEWTHEME\APP_DOCS\_04_ARCHIVED_FOR_DELETION\Module_Fixes\SALES_UPDATEDEAL_QUICK_FIX.txt","ED3A31D9517CB75585E6C4CEB89B9A40D75078380B8794F9D3FC5560426ED022"
"C:\Users\RZ\source\repos\PDS-CRM-Application\CRMV9_NEWTHEME\APP_DOCS\_04_ARCHIVED_FOR_DELETION\Module_Fixes\SALES_UPDATESUPABASE_UUID_FIX_QUICK.txt","EE079E51FD66794283740930A769F477C6B9D78A329E6FD89E65F1C87364F61F"
"C:\Users\RZ\source\repos\PDS-CRM-Application\CRMV9_NEWTHEME\APP_DOCS\_04_ARCHIVED_FOR_DELETION\Module_Fixes\TICKETS_FORM_CONSOLE_WARNING_RESOLUTION.txt","CD417B5885EA2FEFA53CA842FB4E93988808C3EACF8993DF1EE24432E6501C03"
"C:\Users\RZ\source\repos\PDS-CRM-Application\CRMV9_NEWTHEME\APP_DOCS\_04_ARCHIVED_FOR_DELETION\Module_Fixes\TICKETS_MODULE_REFACTORING_SUMMARY.txt","5AC7F50813CE516237EB5DC33A8DA60CA56BC54E82D9691BFEFFD290FDC89ACD"
"C:\Users\RZ\source\repos\PDS-CRM-Application\CRMV9_NEWTHEME\APP_DOCS\_04_ARCHIVED_FOR_DELETION\Obsolete_Consolidation_Docs\DOCUMENTATION_CLEANUP_COMPLETE_PHASE1.md","4EEA10B3C913F647261D6BB23A7669846009C3ED4DB648E26330EA79F3471669"
"C:\Users\RZ\source\repos\PDS-CRM-Application\CRMV9_NEWTHEME\APP_DOCS\_04_ARCHIVED_FOR_DELETION\Obsolete_Consolidation_Docs\DOCUMENTATION_CLEANUP_STRATEGY.md","07C498F2ABD5FF7A1C39BF79F635ECE2084F8F42573459086E28AB3871F72AFE"
"C:\Users\RZ\source\repos\PDS-CRM-Application\CRMV9_NEWTHEME\APP_DOCS\_04_ARCHIVED_FOR_DELETION\Obsolete_Consolidation_Docs\DOCUMENTATION_CONSOLIDATION_COMPLETE_FINAL.md","125A836FF354146255BC1C9C655654EB6D7F0488FC1C0A4AF77431FA5F9FF23F"
"C:\Users\RZ\source\repos\PDS-CRM-Application\CRMV9_NEWTHEME\APP_DOCS\_04_ARCHIVED_FOR_DELETION\Obsolete_Consolidation_Docs\DOCUMENTATION_CONSOLIDATION_INDEX.md","89EA61EE3159421CEF76D6094AF0037FB91A415B965E14E32D4A373B88553763"
"C:\Users\RZ\source\repos\PDS-CRM-Application\CRMV9_NEWTHEME\APP_DOCS\_04_ARCHIVED_FOR_DELETION\Obsolete_Consolidation_Docs\DOCUMENTATION_CONSOLIDATION_SUMMARY.txt","808E6EC175203E7E6AF68E5ECAF54EF7D1CA6C3739E21063F416CDD4D8B363BF"
"C:\Users\RZ\source\repos\PDS-CRM-Application\CRMV9_NEWTHEME\APP_DOCS\_04_ARCHIVED_FOR_DELETION\Obsolete_Consolidation_Docs\DOCUMENTATION_QUICK_REFERENCE.md","DE3FDBA8BC0D0416C1D9CBAC8214638F82D300CC3BB1D51B168546829B55EDFC"
"C:\Users\RZ\source\repos\PDS-CRM-Application\CRMV9_NEWTHEME\APP_DOCS\_04_ARCHIVED_FOR_DELETION\Obsolete_Consolidation_Docs\README_DOCUMENTATION_CLEANUP.md","A5E45C9C9EB637ADAEB57B063DEFBC68AC107FC4BD0D0F2615E7502EBC44158A"
"C:\Users\RZ\source\repos\PDS-CRM-Application\CRMV9_NEWTHEME\APP_DOCS\_04_ARCHIVED_FOR_DELETION\Phase_1_2_3_Docs\PHASE_2_ARCHITECTURE_DOCS_COMPLETE.md","45C629588276666CCC53E8C32F26CE4E22B303E829633EDB9666477AD4E17C96"
"C:\Users\RZ\source\repos\PDS-CRM-Application\CRMV9_NEWTHEME\APP_DOCS\_04_ARCHIVED_FOR_DELETION\Phase_1_2_3_Docs\PHASE_2_COMPLETION_STATUS.txt","59089C123944B152E3FDF2277FB11488CEF585990AE2FD0B090E1016C1C993FC"
"C:\Users\RZ\source\repos\PDS-CRM-Application\CRMV9_NEWTHEME\APP_DOCS\_04_ARCHIVED_FOR_DELETION\Phase_1_2_3_Docs\PHASE_2_FINAL_SUMMARY.txt","3998FAC3393B18781470FCEE11E830ED4B3543EDD48E5EDDDCB2160BC50B9C23"
"C:\Users\RZ\source\repos\PDS-CRM-Application\CRMV9_NEWTHEME\APP_DOCS\_04_ARCHIVED_FOR_DELETION\Phase_1_2_3_Docs\PHASE_3_COMPLETE_VISUAL_SUMMARY.txt","8123C6B1A708315A4CD58A6F23DC83268CEC77C50BF14249932E2F4F325F71B5"
"C:\Users\RZ\source\repos\PDS-CRM-Application\CRMV9_NEWTHEME\APP_DOCS\_04_ARCHIVED_FOR_DELETION\Phase_1_2_3_Docs\PHASE_3_EXECUTION_COMPLETE.md","674FA7D289B67768C966BDC22E35A8991AE39A08362DFD1235EF35612369658E"
"C:\Users\RZ\source\repos\PDS-CRM-Application\CRMV9_NEWTHEME\APP_DOCS\_04_ARCHIVED_FOR_DELETION\Phase_1_2_3_Docs\PHASE_3_IMPLEMENTATION_SUMMARY.txt","B33D6B361C39D234A2A5D58DDF86443267123D25A70B28C0FD59C2F0D41D1337"
"C:\Users\RZ\source\repos\PDS-CRM-Application\CRMV9_NEWTHEME\APP_DOCS\_04_ARCHIVED_FOR_DELETION\Session_Deliverables\CONFIGURATION_FIX_DONE.txt","2772663D3C7FB49CEA9EE6C3EAFE8E08358915E662DC36E64BF9BE2A13B3D483"
"C:\Users\RZ\source\repos\PDS-CRM-Application\CRMV9_NEWTHEME\APP_DOCS\_04_ARCHIVED_FOR_DELETION\Session_Deliverables\DELIVERY_SUMMARY_CUSTOMER_DROPDOWN_FIX.txt","601913A6A206CF2C69166D2EF9FE1E55C7BC9446423CD666E8A8EB18C0A3F3EA"
"C:\Users\RZ\source\repos\PDS-CRM-Application\CRMV9_NEWTHEME\APP_DOCS\_04_ARCHIVED_FOR_DELETION\Session_Deliverables\DELIVERY_SUMMARY_PRODUCT_SALES_PANELS.txt","1B482CCD843E80052BE15D5964785AB0C321A1505E8C5A097037341DB4D25CBB"
"C:\Users\RZ\source\repos\PDS-CRM-Application\CRMV9_NEWTHEME\APP_DOCS\_04_ARCHIVED_FOR_DELETION\Session_Deliverables\DELIVERY_SUMMARY.txt","521DC2413BBD2DF3211E77F91F8F0E071463CD028690F0F698D131153ED21852"
"C:\Users\RZ\source\repos\PDS-CRM-Application\CRMV9_NEWTHEME\APP_DOCS\_04_ARCHIVED_FOR_DELETION\Session_Deliverables\FINAL_CONSOLIDATION_SUMMARY.txt","6FDBF97EC70888B059D78661EA3D88A0C25D4D287A18725274BDC17D3FDA4866"
"C:\Users\RZ\source\repos\PDS-CRM-Application\CRMV9_NEWTHEME\APP_DOCS\_04_ARCHIVED_FOR_DELETION\Session_Deliverables\FINAL_PROJECT_SUMMARY.txt","FAA5E194E1A1C034BE2B479F1672B310714ACDEB227634E754BCA2CE2351FD10"
"C:\Users\RZ\source\repos\PDS-CRM-Application\CRMV9_NEWTHEME\APP_DOCS\_04_ARCHIVED_FOR_DELETION\Session_Deliverables\FINAL_SESSION_MANAGEMENT_SUMMARY.txt","36E8FBF01DB1269ABE204378758B2829DD093DE6CCE6CF2F43017BC7E5FBC38A"
"C:\Users\RZ\source\repos\PDS-CRM-Application\CRMV9_NEWTHEME\APP_DOCS\_04_ARCHIVED_FOR_DELETION\Session_Deliverables\FINAL_STATUS_TOAST_COMPLETE.txt","213ECC98C51677429EF50E00BF6FA200E3424CEE952E7E0DF23807DC396E6C04"
"C:\Users\RZ\source\repos\PDS-CRM-Application\CRMV9_NEWTHEME\APP_DOCS\_04_ARCHIVED_FOR_DELETION\Session_Deliverables\FINAL_UI_INTEGRATION_SUMMARY.txt","F8547A61081381D97F1F2B7913702AA595C67ACD78E443F6B7FFCC9B16BFE39F"
"C:\Users\RZ\source\repos\PDS-CRM-Application\CRMV9_NEWTHEME\APP_DOCS\_04_ARCHIVED_FOR_DELETION\Session_Deliverables\IMPLEMENTATION_COMPLETE_RUNTIME_LASTERROR.txt","1D7D14B391F7DE499D7B0EE178A3CE49A849DA4501E78C9F83368FCD56E0AA4E"
"C:\Users\RZ\source\repos\PDS-CRM-Application\CRMV9_NEWTHEME\APP_DOCS\_04_ARCHIVED_FOR_DELETION\Session_Deliverables\INVESTIGATION_SUMMARY.txt","69EAC7824D669EEAE0507441236B5193725058ECB5909563806362CDB8652177"
"C:\Users\RZ\source\repos\PDS-CRM-Application\CRMV9_NEWTHEME\APP_DOCS\_04_ARCHIVED_FOR_DELETION\Session_Deliverables\ONE_PAGE_SUMMARY.txt","B60065276FA83F55110FEC22213E39728874D4D9A21E5F320727B6963D1E6AAE"
"C:\Users\RZ\source\repos\PDS-CRM-Application\CRMV9_NEWTHEME\APP_DOCS\_04_ARCHIVED_FOR_DELETION\Session_Deliverables\REFACTORING_COMPLETE_STATUS.txt","52EB61E0A5E7E9DDF98C2C1DE7EB0C1CBA8364D01A6742182FC9A550EAC5CA8F"
"C:\Users\RZ\source\repos\PDS-CRM-Application\CRMV9_NEWTHEME\APP_DOCS\_04_ARCHIVED_FOR_DELETION\Session_Deliverables\RUNTIME_LASTERROR_DELIVERY_SUMMARY.txt","12001FF25AA86A6E9802E42C85A636FF908922CC6B06D0D6E858D8339F7EAD84"
"C:\Users\RZ\source\repos\PDS-CRM-Application\CRMV9_NEWTHEME\APP_DOCS\_04_ARCHIVED_FOR_DELETION\Session_Deliverables\RUNTIME_LASTERROR_EXECUTIVE_SUMMARY.txt","B839918818EA55778244FDCE701921C43D70CB466ADADDE2814CF5BA8D6CD507"
"C:\Users\RZ\source\repos\PDS-CRM-Application\CRMV9_NEWTHEME\APP_DOCS\_04_ARCHIVED_FOR_DELETION\Session_Deliverables\SETUP_COMPLETE.txt","2B6E60C59183EFEFD95CAA9ED7040034C93858CB4BCD58F661A15C1FF6E73BE0"
"C:\Users\RZ\source\repos\PDS-CRM-Application\CRMV9_NEWTHEME\APP_DOCS\_04_ARCHIVED_FOR_DELETION\Session_Deliverables\STANDARDIZATION_DELIVERY_SUMMARY.txt","C75EBB63EF0B643725FCBC9736AEC9C1CFA98DC32C0B074A5361C7A71AA5B77B"
"C:\Users\RZ\source\repos\PDS-CRM-Application\CRMV9_NEWTHEME\APP_DOCS\_04_ARCHIVED_FOR_DELETION\Session_Deliverables\VISUAL_SUMMARY.txt","D37A7629268F4EC36A9860E40BC1E393CD65F46C305822A9D52D4D9F68719AEE"
